"Gilt Name","Close of Business Date","ISIN","Type","Coupon","Maturity","Clean Price","Dirty Price","Yield","Mod Duration","Accrued Interest"
"UKTB  10/26","09/10/2026","GB00BSGQFR99","Bills","N/A","12/10/2026","100.000000","N/A","N/A","N/A","N/A"
"UKTB  10/26","09/10/2026","GB00BSGP4801","Bills","N/A","19/10/2026","99.926287","N/A","3.846462","0.019164","N/A"
"UKTB  10/26","09/10/2026","GB00BSGQKS59","Bills","N/A","26/10/2026","99.852464","N/A","3.852153","0.038300","N/A"
"UKTB  11/26","09/10/2026","GB00BSGQN319","Bills","N/A","02/11/2026","99.778696","N/A","3.855000","0.057407","N/A"
"UKTB  11/26","09/10/2026","GB00BSGQQ650","Bills","N/A","09/11/2026","99.702806","N/A","3.885681","0.076484","N/A"
"UKTB  11/26","09/10/2026","GB00BSGQS474","Bills","N/A","16/11/2026","99.625100","N/A","3.924382","0.095531","N/A"
"UKTB  11/26","09/10/2026","GB00BSGQVF93","Bills","N/A","23/11/2026","99.548334","N/A","3.943000","0.114549","N/A"
"UKTB  11/26","09/10/2026","GB00BSGQWZ64","Bills","N/A","30/11/2026","99.468937","N/A","3.977000","0.133534","N/A"
"UKTB  12/26","09/10/2026","GB00BSGQYH23","Bills","N/A","07/12/2026","99.393682","N/A","3.976000","0.152494","N/A"
"UKTB  12/26","09/10/2026","GB00BSGR0D39","Bills","N/A","14/12/2026","99.313626","N/A","4.004097","0.171418","N/A"
"UKTB  12/26","09/10/2026","GB00BSGR2373","Bills","N/A","21/12/2026","99.233633","N/A","4.026916","0.190311","N/A"
"UKTB  12/26","09/10/2026","GB00BSGR3N42","Bills","N/A","29/12/2026","99.145098","N/A","4.035000","0.211872","N/A"
"UKTB  01/27","09/10/2026","GB00BSGR4M00","Bills","N/A","04/01/2027","99.075790","N/A","4.053375","0.228010","N/A"
"UKTB  01/27","09/10/2026","GB00BSGR5Z04","Bills","N/A","11/01/2027","98.994992","N/A","4.072000","0.246809","N/A"
"UKTB  01/27","09/10/2026","GB00BSGQKX03","Bills","N/A","18/01/2027","98.919803","N/A","4.067114","0.265593","N/A"
"UKTB  01/27","09/10/2026","GB00BSGR9W52","Bills","N/A","25/01/2027","98.837894","N/A","4.087199","0.284328","N/A"
"UKTB  02/27","09/10/2026","GB00BSGRCD71","Bills","N/A","01/02/2027","98.756053","N/A","4.105000","0.303032","N/A"
"UKTB  02/27","09/10/2026","GB00BSGRDR82","Bills","N/A","08/02/2027","98.682446","N/A","4.095194","0.321732","N/A"
"UKTB  02/27","09/10/2026","GB00BSGRGT12","Bills","N/A","15/02/2027","98.608894","N/A","4.086641","0.340403","N/A"
"UKTB  02/27","09/10/2026","GB00BSGRJT27","Bills","N/A","22/02/2027","98.518966","N/A","4.125594","0.358987","N/A"
"UKTB  03/27","09/10/2026","GB00BSGRLM95","Bills","N/A","01/03/2027","98.429120","N/A","4.160872","0.377536","N/A"
"UKTB  03/27","09/10/2026","GB00BSGRMJ32","Bills","N/A","08/03/2027","98.339355","N/A","4.193000","0.396052","N/A"
"UKTB  03/27","09/10/2026","GB00BSGRNX41","Bills","N/A","15/03/2027","98.255044","N/A","4.209221","0.414556","N/A"
"UKTB  03/27","09/10/2026","GB00BSGRQX55","Bills","N/A","22/03/2027","98.170805","N/A","4.224201","0.433027","N/A"
"UKTB  03/27","09/10/2026","GB00BSGRSQ29","Bills","N/A","30/03/2027","98.074621","N/A","4.240000","0.454099","N/A"
"UKTB  04/27","09/10/2026","GB00BSGRV302","Bills","N/A","05/04/2027","98.007626","N/A","4.240000","0.469900","N/A"
"UKTB  04/27","09/10/2026","GB00BSGRW607","Bills","N/A","12/04/2027","97.929581","N/A","4.240000","0.488306","N/A"
"UKT 0.375 10/26","09/10/2026","GB00BNNGP668","Conventional","0.375","22/10/2026","99.907","100.084254","3.765303","0.027369","0.177254"
"UKT 4.125 01/27","09/10/2026","GB00BL6C7720","Conventional","4.125","29/01/2027","99.989","100.829693","4.094238","0.295023","0.840693"
"UKT 3.75 03/27","09/10/2026","GB00BPSNB460","Conventional","3.750","07/03/2027","99.807","100.169569","4.227405","0.395998","0.362569"
"UKT 1.25 07/27","09/10/2026","GB00BDRHNP05","Conventional","1.250","22/07/2027","97.629","97.907533","4.421140","0.746585","0.278533"
"UKT 4.25 12/27","09/10/2026","GB00B16NNR78","Conventional","4.250","07/12/2027","99.635","101.109727","4.573990","1.096846","1.474727"
"UKT 0.125 01/28","09/10/2026","GB00BMBL1G81","Conventional","0.125","31/01/2028","94.760","94.784796","4.307698","1.273237","0.024796"
"UKT 4.375 03/28","09/10/2026","GB00BSQNRC93","Conventional","4.375","07/03/2028","99.505","99.927997","4.740792","1.339589","0.422997"
"UKT 4.5 06/28","09/10/2026","GB00BMF9LG83","Conventional","4.500","07/06/2028","99.551","101.112475","4.782139","1.550677","1.561475"
"UKT 1.625 10/28","09/10/2026","GB00BFX0ZL78","Conventional","1.625","22/10/2028","94.024","94.792101","4.751580","1.939426","0.768101"
"UKT 6 12/28","09/10/2026","GB0002404191","Conventional","6.000","07/12/2028","102.615","104.696967","4.704980","1.967693","2.081967"
"UKT 0.5 01/29","09/10/2026","GB00BLPK7227","Conventional","0.500","31/01/2029","90.795","90.894185","4.770027","2.235078","0.099185"
"UKT 4 05/29","09/10/2026","GB00BVP99566","Conventional","4.000","22/05/2029","97.821","99.375348","4.897336","2.407041","1.554348"
"UKT 4.125 07/29","09/10/2026","GB00BQC82B83","Conventional","4.125","22/07/2029","98.011","98.930158","4.897324","2.564920","0.919158"
"UKT 0.875 10/29","09/10/2026","GB00BJMHB534","Conventional","0.875","22/10/2029","88.944","89.357593","4.845356","2.907518","0.413593"
"UKT 4.375 03/30","09/10/2026","GB00BSQNRD01","Conventional","4.375","07/03/2030","98.198","98.620997","4.955561","3.106967","0.422997"
"UKT 4.625 05/30","09/10/2026","GB00BWBR1P52","Conventional","4.625","22/05/2030","98.842","99.231606","4.980158","3.270183","0.389606"
"UKT 0.375 10/30","09/10/2026","GB00BL68HH02","Conventional","0.375","22/10/2030","83.742","83.919254","4.869453","3.894488","0.177254"
"UKT 4.75 12/30","09/10/2026","GB00B24FF097","Conventional","4.750","07/12/2030","99.447","101.095224","4.897130","3.666078","1.648224"
"UKT 4.125 03/31","09/10/2026","GB00BVP99673","Conventional","4.125","07/03/2031","96.544","96.942826","5.008317","3.949649","0.398826"
"UKT 0.25 07/31","09/10/2026","GB00BMGR2809","Conventional","0.250","31/07/2031","80.318","80.367592","4.899799","4.655204","0.049592"
"UKT 4 10/31","09/10/2026","GB00BPSNBF73","Conventional","4.000","22/10/2031","95.438","97.328710","5.038239","4.391980","1.890710"
"UKT 1 01/32","09/10/2026","GB00BM8Z2T38","Conventional","1.000","31/01/2032","81.359","81.557370","5.051543","5.020440","0.198370"
"UKT 4.625 03/32","09/10/2026","GB00BWGDRG14","Conventional","4.625","07/03/2032","97.850","98.711910","5.082295","4.677235","0.861910"
"UKT 4.25 06/32","09/10/2026","GB0004893086","Conventional","4.250","07/06/2032","96.168","97.642727","5.036224","4.872821","1.474727"
"UKT 3.25 01/33","09/10/2026","GB00BMV7TC88","Conventional","3.250","31/01/2033","89.900","90.544701","5.146087","5.529662","0.644701"
"UKT 4.125 03/33","09/10/2026","GB00BVP99780","Conventional","4.125","07/03/2033","94.402","94.800826","5.162041","5.502150","0.398826"
"UKT 0.875 07/33","09/10/2026","GB00BM8Z2S21","Conventional","0.875","31/07/2033","75.539","75.712573","5.188980","6.401122","0.173573"
"UKT 4.625 01/34","09/10/2026","GB00BPJJKN53","Conventional","4.625","31/01/2034","96.335","97.252459","5.234227","6.040484","0.917459"
"UKT 4.25 07/34","09/10/2026","GB00BQC82C90","Conventional","4.250","31/07/2034","93.506","94.349071","5.275122","6.448242","0.843071"
"UKT 4.5 09/34","09/10/2026","GB00B52WS153","Conventional","4.500","07/09/2034","95.149","95.584083","5.257324","6.501660","0.435083"
"UKT 4.5 03/35","09/10/2026","GB00BT7J0027","Conventional","4.500","07/03/2035","94.363","94.798083","5.340636","6.828918","0.435083"
"UKT 0.625 07/35","09/10/2026","GB00BMGR2916","Conventional","0.625","31/07/2035","67.219","67.342981","5.341820","8.275285","0.123981"
"UKT 4.75 10/35","09/10/2026","GB00BTXS1K06","Conventional","4.750","22/10/2035","95.485","97.730219","5.387949","7.041318","2.245219"
"UKT 4.25 03/36","09/10/2026","GB0032452392","Conventional","4.250","07/03/2036","91.598","92.008912","5.400674","7.527293","0.410912"
"UKT 4.875 07/36","09/10/2026","GB00BWBR1N39","Conventional","4.875","31/07/2036","95.657","96.624052","5.451799","7.573668","0.967052"
"UKT 4.625 03/37","09/10/2026","GB00BVP99905","Conventional","4.625","07/03/2037","93.120","93.567169","5.501736","8.026663","0.447169"
"UKT 1.75 09/37","09/10/2026","GB00BZB26Y51","Conventional","1.750","07/09/2037","69.370","69.539199","5.527595","9.445817","0.169199"
"UKT 3.75 01/38","09/10/2026","GB00BQC4R999","Conventional","3.750","29/01/2038","84.840","85.604266","5.576069","8.779512","0.764266"
"UKT 4.75 12/38","09/10/2026","GB00B00NY175","Conventional","4.750","07/12/2038","92.500","94.148224","5.608658","8.832573","1.648224"
"UKT 1.125 01/39","09/10/2026","GB00BLPK7334","Conventional","1.125","31/01/2039","60.490","60.713166","5.615871","10.877204","0.223166"
"UKT 4.25 09/39","09/10/2026","GB00B3KJDS62","Conventional","4.250","07/09/2039","87.220","87.630912","5.658476","9.510091","0.410912"
"UKT 4.375 01/40","09/10/2026","GB00BQC82D08","Conventional","4.375","31/01/2040","87.750","88.617867","5.700468","9.607448","0.867867"
"UKT 4.25 12/40","09/10/2026","GB00B6460505","Conventional","4.250","07/12/2040","85.960","87.434727","5.708866","10.004857","1.474727"
"UKT 5.25 01/41","09/10/2026","GB00BVP99897","Conventional","5.250","31/01/2041","95.230","96.271440","5.742621","9.730812","1.041440"
"UKT 1.25 10/41","09/10/2026","GB00BJQWYH73","Conventional","1.250","22/10/2041","55.060","55.650847","5.759319","12.641970","0.590847"
"UKT 4.5 12/42","09/10/2026","GB00B1VWPJ53","Conventional","4.500","07/12/2042","86.400","87.961475","5.808466","10.745488","1.561475"
"UKT 4.75 10/43","09/10/2026","GB00BPJJKP77","Conventional","4.750","22/10/2043","88.040","90.285219","5.870261","10.872639","2.245219"
"UKT 3.25 01/44","09/10/2026","GB00B84Z9V04","Conventional","3.250","22/01/2044","71.620","72.344185","5.889220","12.016340","0.724185"
"UKT 3.5 01/45","09/10/2026","GB00BN65R313","Conventional","3.500","22/01/2045","73.330","74.109891","5.904421","12.239198","0.779891"
"UKT 0.875 01/46","09/10/2026","GB00BNNGP775","Conventional","0.875","31/01/2046","42.250","42.423573","5.944222","16.117911","0.173573"
"UKT 4.25 12/46","09/10/2026","GB00B128DP45","Conventional","4.250","07/12/2046","80.540","82.014727","5.914958","12.312685","1.474727"
"UKT 1.5 07/47","09/10/2026","GB00BDCHBW80","Conventional","1.500","22/07/2047","47.210","47.544239","5.965758","15.617185","0.334239"
"UKT 1.75 01/49","09/10/2026","GB00BFWFPP71","Conventional","1.750","22/01/2049","48.420","48.809946","5.963977","15.815239","0.389946"
"UKT 4.25 12/49","09/10/2026","GB00B39R3707","Conventional","4.250","07/12/2049","78.960","80.434727","5.932375","13.184681","1.474727"
"UKT 0.625 10/50","09/10/2026","GB00BMBL1F74","Conventional","0.625","22/10/2050","32.270","32.565423","5.967211","19.693567","0.295423"
"UKT 1.25 07/51","09/10/2026","GB00BLH38158","Conventional","1.250","31/07/2051","39.030","39.277962","6.010283","17.960617","0.247962"
"UKT 3.75 07/52","09/10/2026","GB00B6RNH572","Conventional","3.750","22/07/2052","71.150","71.985598","5.952461","14.299335","0.835598"
"UKT 1.5 07/53","09/10/2026","GB00BM8Z2V59","Conventional","1.500","31/07/2053","40.340","40.637554","6.005050","17.978239","0.297554"
"UKT 3.75 10/53","09/10/2026","GB00BPCJD997","Conventional","3.750","22/10/2053","70.260","72.032541","5.983179","14.350787","1.772541"
"UKT 4.375 07/54","09/10/2026","GB00BPSNBB36","Conventional","4.375","31/07/2054","78.290","79.157867","5.986991","14.211047","0.867867"
"UKT 1.625 10/54","09/10/2026","GB00BJLR0J16","Conventional","1.625","22/10/2054","41.210","41.978101","5.970517","17.843967","0.768101"
"UKT 4.25 12/55","09/10/2026","GB00B06YGN05","Conventional","4.250","07/12/2055","76.610","78.084727","5.948508","14.472560","1.474727"
"UKT 5.375 01/56","09/10/2026","GB00BT7J0241","Conventional","5.375","31/01/2056","91.950","93.016236","5.958548","13.900443","1.066236"
"UKT 1.75 07/57","09/10/2026","GB00BD0XH204","Conventional","1.750","22/07/2057","41.090","41.479946","5.941329","18.367608","0.389946"
"UKT 4 01/60","09/10/2026","GB00B54QLM75","Conventional","4.000","22/01/2060","72.340","73.231304","5.908885","15.446258","0.891304"
"UKT 0.5 10/61","09/10/2026","GB00BMBL1D50","Conventional","0.500","22/10/2061","21.950","22.186339","5.623511","26.158401","0.236339"
"UKT 4 10/63","09/10/2026","GB00BMF9LF76","Conventional","4.000","22/10/2063","71.650","73.540710","5.890016","15.680502","1.890710"
"UKT 2.5 07/65","09/10/2026","GB00BYYMZX75","Conventional","2.500","22/07/2065","49.090","49.647065","5.823137","17.925063","0.557065"
"UKT 3.5 07/68","09/10/2026","GB00BBJNQY21","Conventional","3.500","22/07/2068","63.910","64.689891","5.806165","16.863401","0.779891"
"UKT 1.625 10/71","09/10/2026","GB00BFMCN652","Conventional","1.625","22/10/2071","35.290","36.058101","5.550102","20.691294","0.768101"
"UKT 1.125 10/73","09/10/2026","GB00BLBDX619","Conventional","1.125","22/10/2073","27.510","28.041762","5.366946","23.469897","0.531762"
"UKGI 1.25 11/27","09/10/2026","GB00B128DH60","Index-linked","1.250","22/11/2027","101.621","220.973267","-0.206033","1.103363","1.051196"
"UKGI 0.125 08/28","09/10/2026","GB00BZ1NTB69","Index-linked","0.125","10/08/2028","99.653","149.917274","0.315433","1.824050","0.032186"
"UKGI 0.125 03/29","09/10/2026","GB00B3Y1JG82","Index-linked","0.125","22/03/2029","98.147","173.630334","0.892938","2.430742","0.012217"
"UKGI 0.125 08/31","09/10/2026","GB00BNNGP551","Index-linked","0.125","10/08/2031","95.266","136.304813","1.135254","4.787147","0.030611"
"UKTI 4.125 07/30","09/10/2026","GB0008932666","Index-linked","4.125","22/07/2030","341.247","344.072479","1.119277","3.503854","2.825479"
"UKGI 1.25 11/32","09/10/2026","GB00B3D4VD98","Index-linked","1.250","22/11/2032","99.002","192.434149","1.421008","5.831578","0.939530"
"UKGI 0.75 11/33","09/10/2026","GB00BMF9LJ15","Index-linked","0.750","22/11/2033","94.117","106.518211","1.629439","6.854525","0.328823"
"UKGI 0.75 03/34","09/10/2026","GB00B46CGH68","Index-linked","0.750","22/03/2034","93.015","168.292565","1.754952","7.179535","0.074938"
"UKTI 2 01/35","09/10/2026","GB0031790826","Index-linked","2.000","26/01/2035","240.201","241.215119","1.934286","7.576315","1.014119"
"UKGI 1.125 09/35","09/10/2026","GB00BT7HZZ68","Index-linked","1.125","22/09/2035","93.475","100.501931","1.922454","8.429931","0.066783"
"UKGI 0.125 11/36","09/10/2026","GB00BYZW3J87","Index-linked","0.125","22/11/2036","82.440","133.236369","2.057432","9.934730","0.078456"
"UKGI 1.125 11/37","09/10/2026","GB00B1L6W962","Index-linked","1.125","22/11/2037","89.910","187.619430","2.150693","10.270778","0.907829"
"UKGI 1.75 09/38","09/10/2026","GB00BMY62Z61","Index-linked","1.750","22/09/2038","95.080","100.536084","2.221175","10.665615","0.102129"
"UKGI 0.125 03/39","09/10/2026","GB00BLH38265","Index-linked","0.125","22/03/2039","76.330","108.047257","2.326589","12.191445","0.009775"
"UKGI 0.625 03/40","09/10/2026","GB00B3LZBF68","Index-linked","0.625","22/03/2040","79.960","155.164591","2.374893","12.677694","0.066978"
"UKGI 0.125 08/41","09/10/2026","GB00BGDYHF49","Index-linked","0.125","10/08/2041","71.680","107.527721","2.407242","14.485652","0.032092"
"UKGI 0.625 11/42","09/10/2026","GB00B3MYD345","Index-linked","0.625","22/11/2042","75.590","149.901861","2.470781","14.966697","0.480085"
"UKGI 0.125 03/44","09/10/2026","GB00B7RN0G65","Index-linked","0.125","22/03/2044","65.850","114.094456","2.565569","16.982985","0.011965"
"UKGI 0.625 03/45","09/10/2026","GB00BMF9LH90","Index-linked","0.625","22/03/2045","71.440","82.481608","2.580855","16.978824","0.039848"
"UKGI 0.125 03/46","09/10/2026","GB00BYMWG366","Index-linked","0.125","22/03/2046","62.230","101.395123","2.615442","18.882355","0.011251"
"UKGI 0.75 11/47","09/10/2026","GB00B24FFM16","Index-linked","0.750","22/11/2047","70.170","142.433574","2.593886","18.841558","0.589129"
"UKGI 0.125 08/48","09/10/2026","GB00BZ13DV40","Index-linked","0.125","10/08/2048","58.720","89.778593","2.620185","21.132476","0.032706"
"UKGI 1.875 09/49","09/10/2026","GB00BT7J0134","Index-linked","1.875","22/09/2049","87.700","94.082426","2.589318","18.144417","0.110999"
"UKGI 0.5 03/50","09/10/2026","GB00B421JZ66","Index-linked","0.500","22/03/2050","62.980","124.003415","2.624299","21.403196","0.054367"
"UKGI 0.125 03/51","09/10/2026","GB00BNNGP882","Index-linked","0.125","22/03/2051","55.170","78.792070","2.620072","23.592950","0.009862"
"UKGI 0.25 03/52","09/10/2026","GB00B73ZYW09","Index-linked","0.250","22/03/2052","56.260","97.642380","2.614568","23.985771","0.023966"
"UKGI 1.25 11/54","09/10/2026","GB00BPSNBG80","Index-linked","1.250","22/11/2054","73.470","82.044272","2.583327","22.431401","0.538858"
"UKGI 1.25 11/55","09/10/2026","GB00B0CNHZ09","Index-linked","1.250","22/11/2055","73.270","161.168079","2.557617","23.053525","1.061406"
"UKGI 0.125 11/56","09/10/2026","GB00BYVP4K94","Index-linked","0.125","22/11/2056","49.750","78.958626","2.514537","28.839315","0.077016"
"UKGI 0.125 03/58","09/10/2026","GB00BP9DLZ64","Index-linked","0.125","22/03/2058","49.000","80.435035","2.465531","30.098303","0.011335"
"UKGI 0.375 03/62","09/10/2026","GB00B4PTCY75","Index-linked","0.375","22/03/2062","52.320","93.213585","2.371285","31.648339","0.036897"
"UKGI 0.125 11/65","09/10/2026","GB00BD9MZZ71","Index-linked","0.125","22/11/2065","44.640","72.066581","2.266984","37.048357","0.078331"
"UKGI 0.125 03/68","09/10/2026","GB00BDX8CX86","Index-linked","0.125","22/03/2068","43.780","73.648262","2.199335","39.184464","0.011616"
"UKGI 0.125 03/73","09/10/2026","GB00BM8Z2W66","Index-linked","0.125","22/03/2073","46.120","62.833149","1.863831","43.823866","0.009407"
"UKS  12/26","09/10/2026","GB0002443587","Strips","N/A","07/12/2026","99.380953","99.380953","4.059993","0.152475","N/A"
"UKS  03/27","09/10/2026","GB0032728171","Strips","N/A","07/03/2027","98.306481","98.306481","4.277435","0.395919","N/A"
"UKS  06/27","09/10/2026","GB0002443694","Strips","N/A","07/06/2027","97.200516","97.200516","4.416979","0.633801","N/A"
"UKS  09/27","09/10/2026","GB0032728288","Strips","N/A","07/09/2027","96.076259","96.076259","4.517136","0.868635","N/A"
"UKS  12/27","09/10/2026","GB0002443702","Strips","N/A","07/12/2027","94.946570","94.946570","4.548401","1.127367","N/A"
"UKR  12/27","09/10/2026","GB00B1HYR000","Strips","N/A","07/12/2027","94.946570","94.946570","4.548401","1.127367","N/A"
"UKS  03/28","09/10/2026","GB0032728395","Strips","N/A","07/03/2028","93.809772","93.809772","4.605820","1.371725","N/A"
"UKS  06/28","09/10/2026","GB0002443819","Strips","N/A","07/06/2028","92.674245","92.674245","4.655867","1.615400","N/A"
"UKS  09/28","09/10/2026","GB0032728403","Strips","N/A","07/09/2028","91.536516","91.536516","4.700609","1.859608","N/A"
"UKS  12/28","09/10/2026","GB0002443926","Strips","N/A","07/12/2028","90.403930","90.403930","4.740976","2.103151","N/A"
"UKR  12/28","09/10/2026","GB0002444007","Strips","N/A","07/12/2028","90.403930","90.403930","4.740976","2.103151","N/A"
"UKS  03/29","09/10/2026","GB0032728510","Strips","N/A","07/03/2029","89.272261","89.272261","4.777965","2.347240","N/A"
"UKS  06/29","09/10/2026","GB0009140046","Strips","N/A","07/06/2029","88.148213","88.148213","4.811981","2.590674","N/A"
"UKS  09/29","09/10/2026","GB0032728627","Strips","N/A","07/09/2029","87.027067","87.027067","4.843666","2.834664","N/A"
"UKS  12/29","09/10/2026","GB0009140269","Strips","N/A","07/12/2029","85.914966","85.914966","4.873264","3.078006","N/A"
"UKS  03/30","09/10/2026","GB0032728734","Strips","N/A","07/03/2030","84.806780","84.806780","4.901274","3.321907","N/A"
"UKS  06/30","09/10/2026","GB0009140483","Strips","N/A","07/06/2030","83.708181","83.708181","4.927872","3.565162","N/A"
"UKS  09/30","09/10/2026","GB0032728841","Strips","N/A","07/09/2030","82.613761","82.613761","4.953469","3.808977","N/A"
"UKS  12/30","09/10/2026","GB0009140939","Strips","N/A","07/12/2030","81.528858","81.528858","4.978184","4.052144","N/A"
"UKR  12/30","09/10/2026","GB00B29WTS18","Strips","N/A","07/12/2030","81.528858","81.528858","4.978184","4.052144","N/A"
"UKS  03/31","09/10/2026","GB0032728957","Strips","N/A","07/03/2031","80.447954","80.447954","5.002352","4.295868","N/A"
"UKS  06/31","09/10/2026","GB0009141010","Strips","N/A","07/06/2031","79.376223","79.376223","5.026031","4.538941","N/A"
"UKS  09/31","09/10/2026","GB0032729039","Strips","N/A","07/09/2031","78.308181","78.308181","5.049482","4.782567","N/A"
"UKS  12/31","09/10/2026","GB0009141671","Strips","N/A","07/12/2031","77.248954","77.248954","5.072705","5.025540","N/A"
"UKS  03/32","09/10/2026","GB0032729146","Strips","N/A","07/03/2032","76.193167","76.193167","5.095905","5.269062","N/A"
"UKR  06/32","09/10/2026","GB0009139048","Strips","N/A","07/06/2032","75.145958","75.145958","5.119033","5.511927","N/A"
"UKS  06/32","09/10/2026","GB0009141895","Strips","N/A","07/06/2032","75.145958","75.145958","5.119033","5.511927","N/A"
"UKS  09/32","09/10/2026","GB0032729252","Strips","N/A","07/09/2032","74.102092","74.102092","5.142251","5.755338","N/A"
"UKS  12/32","09/10/2026","GB00B0125K93","Strips","N/A","07/12/2032","73.066735","73.066735","5.165476","5.998090","N/A"
"UKS  03/33","09/10/2026","GB0032729369","Strips","N/A","07/03/2033","72.034800","72.034800","5.188841","6.241387","N/A"
"UKS  06/33","09/10/2026","GB00B0125L01","Strips","N/A","07/06/2033","71.011475","71.011475","5.212236","6.484024","N/A"
"UKS  09/33","09/10/2026","GB0032729476","Strips","N/A","07/09/2033","69.991810","69.991810","5.235775","6.727204","N/A"
"UKS  12/33","09/10/2026","GB00B0125M18","Strips","N/A","07/12/2033","68.981003","68.981003","5.259333","6.969725","N/A"
"UKS  03/34","09/10/2026","GB0032729583","Strips","N/A","07/03/2034","67.974231","67.974231","5.283012","7.212789","N/A"
"UKS  06/34","09/10/2026","GB00B0125P49","Strips","N/A","07/06/2034","66.976683","66.976683","5.306674","7.455194","N/A"
"UKS  09/34","09/10/2026","GB0032729690","Strips","N/A","07/09/2034","65.983650","65.983650","5.330414","7.698143","N/A"
"UKR  09/34","09/10/2026","GB00B4JYZV64","Strips","N/A","07/09/2034","65.983650","65.983650","5.330414","7.698143","N/A"
"UKS  12/34","09/10/2026","GB00B0126284","Strips","N/A","07/12/2034","65.000294","65.000294","5.354088","7.940436","N/A"
"UKS  03/35","09/10/2026","GB0032729708","Strips","N/A","07/03/2035","64.022008","64.022008","5.377785","8.183275","N/A"
"UKS  06/35","09/10/2026","GB00B0126K68","Strips","N/A","07/06/2035","63.053908","63.053908","5.401360","8.425461","N/A"
"UKS  09/35","09/10/2026","GB0032729815","Strips","N/A","07/09/2035","62.091482","62.091482","5.424898","8.668195","N/A"
"UKS  12/35","09/10/2026","GB00B0127928","Strips","N/A","07/12/2035","61.139776","61.139776","5.448254","8.910278","N/A"
"UKR  03/36","09/10/2026","GB0032727876","Strips","N/A","07/03/2036","60.194362","60.194362","5.471512","9.152914","N/A"
"UKS  03/36","09/10/2026","GB0032729922","Strips","N/A","07/03/2036","60.194362","60.194362","5.471512","9.152914","N/A"
"UKS  06/36","09/10/2026","GB00B0127B43","Strips","N/A","07/06/2036","59.260199","59.260199","5.494528","9.394903","N/A"
"UKS  09/36","09/10/2026","GB00B61BCQ39","Strips","N/A","07/09/2036","58.332938","58.332938","5.517388","9.637447","N/A"
"UKS  12/36","09/10/2026","GB00B0126S45","Strips","N/A","07/12/2036","57.417431","57.417431","5.539951","9.879350","N/A"
"UKS  03/37","09/10/2026","GB00B61NZ372","Strips","N/A","07/03/2037","56.509398","56.509398","5.562302","10.121812","N/A"
"UKS  06/37","09/10/2026","GB00B0127L41","Strips","N/A","07/06/2037","55.613574","55.613574","5.584308","10.363637","N/A"
"UKS  09/37","09/10/2026","GB00B614YC20","Strips","N/A","07/09/2037","54.725748","54.725748","5.606054","10.606025","N/A"
"UKR  09/37","09/10/2026","GB00BZ4TGS74","Strips","N/A","07/09/2037","54.725748","54.725748","5.606054","10.606025","N/A"
"UKS  12/37","09/10/2026","GB00B0127N64","Strips","N/A","07/12/2037","53.850525","53.850525","5.627412","10.847781","N/A"
"UKS  03/38","09/10/2026","GB00B61NVB70","Strips","N/A","07/03/2038","52.983766","52.983766","5.648467","11.090104","N/A"
"UKS  06/38","09/10/2026","GB00B0127Q95","Strips","N/A","07/06/2038","52.129941","52.129941","5.669098","11.331800","N/A"
"UKS  09/38","09/10/2026","GB00B61LFW02","Strips","N/A","07/09/2038","51.284983","51.284983","5.689389","11.574068","N/A"
"UKS  12/38","09/10/2026","GB00B0127W55","Strips","N/A","07/12/2038","50.453222","50.453222","5.709224","11.815713","N/A"
"UKR  12/38","09/10/2026","GB00B0125J88","Strips","N/A","07/12/2038","50.453222","50.453222","5.709224","11.815713","N/A"
"UKS  03/39","09/10/2026","GB00B61HRJ92","Strips","N/A","07/03/2039","49.630667","49.630667","5.728689","12.057934","N/A"
"UKS  06/39","09/10/2026","GB00B0BDSR09","Strips","N/A","07/06/2039","48.821503","48.821503","5.747673","12.299537","N/A"
"UKR  09/39","09/10/2026","GB00B61LFT72","Strips","N/A","07/09/2039","48.021818","48.021818","5.766260","12.541721","N/A"
"UKS  09/39","09/10/2026","GB00B61NVD94","Strips","N/A","07/09/2039","48.021818","48.021818","5.766260","12.541721","N/A"
"UKS  12/39","09/10/2026","GB00B0BDSS16","Strips","N/A","07/12/2039","47.235649","47.235649","5.784349","12.783290","N/A"
"UKS  06/40","09/10/2026","GB00B0BDST23","Strips","N/A","07/06/2040","45.696258","45.696258","5.819177","13.266991","N/A"
"UKS  12/40","09/10/2026","GB00B0BDSV45","Strips","N/A","07/12/2040","44.203651","44.203651","5.852107","13.750654","N/A"
"UKR  12/40","09/10/2026","GB00B56HGD49","Strips","N/A","07/12/2040","44.203651","44.203651","5.852107","13.750654","N/A"
"UKS  06/41","09/10/2026","GB00B0BDSW51","Strips","N/A","07/06/2041","42.757893","42.757893","5.883107","14.234296","N/A"
"UKS  12/41","09/10/2026","GB00B0BDSX68","Strips","N/A","07/12/2041","41.358810","41.358810","5.912166","14.717931","N/A"
"UKS  06/42","09/10/2026","GB00B0BDSY75","Strips","N/A","07/06/2042","40.006024","40.006024","5.939287","15.201573","N/A"
"UKR  12/42","09/10/2026","GB00B2494Q05","Strips","N/A","07/12/2042","38.698971","38.698971","5.964487","15.685234","N/A"
"UKS  12/42","09/10/2026","GB00B0BDSZ82","Strips","N/A","07/12/2042","38.698971","38.698971","5.964487","15.685234","N/A"
"UKS  06/43","09/10/2026","GB00B0BDT005","Strips","N/A","07/06/2043","37.436922","37.436922","5.987797","16.168924","N/A"
"UKS  12/43","09/10/2026","GB00B0BDT112","Strips","N/A","07/12/2043","36.219003","36.219003","6.009258","16.652655","N/A"
"UKS  06/44","09/10/2026","GB00B0BDT229","Strips","N/A","07/06/2044","35.044203","35.044203","6.028922","17.136434","N/A"
"UKS  12/44","09/10/2026","GB00B0BDT336","Strips","N/A","07/12/2044","33.911405","33.911405","6.046853","17.620270","N/A"
"UKS  06/45","09/10/2026","GB00B0BDT443","Strips","N/A","07/06/2045","32.819408","32.819408","6.063120","18.104167","N/A"
"UKS  12/45","09/10/2026","GB00B0BDT559","Strips","N/A","07/12/2045","31.766963","31.766963","6.077796","18.588131","N/A"
"UKS  06/46","09/10/2026","GB00B0BDT666","Strips","N/A","07/06/2046","30.752795","30.752795","6.090954","19.072167","N/A"
"UKS  12/46","09/10/2026","GB00B0BDT773","Strips","N/A","07/12/2046","29.775626","29.775626","6.102666","19.556278","N/A"
"UKR  12/46","09/10/2026","GB00B15F3H46","Strips","N/A","07/12/2046","29.775626","29.775626","6.102666","19.556278","N/A"
"UKS  06/47","09/10/2026","GB00B0BDT880","Strips","N/A","07/06/2047","28.834195","28.834195","6.113000","20.040469","N/A"
"UKS  12/47","09/10/2026","GB00B0BDT997","Strips","N/A","07/12/2047","27.927263","27.927263","6.122020","20.524741","N/A"
"UKS  06/48","09/10/2026","GB00B0BDTB14","Strips","N/A","07/06/2048","27.053630","27.053630","6.129785","21.009099","N/A"
"UKS  12/48","09/10/2026","GB00B0BDTC21","Strips","N/A","07/12/2048","26.212139","26.212139","6.136344","21.493546","N/A"
"UKS  06/49","09/10/2026","GB00B0BDTD38","Strips","N/A","07/06/2049","25.401679","25.401679","6.141745","21.978086","N/A"
"UKS  12/49","09/10/2026","GB00B0BDTF51","Strips","N/A","07/12/2049","24.621185","24.621185","6.146025","22.462723","N/A"
"UKR  12/49","09/10/2026","GB00B3FMYZ45","Strips","N/A","07/12/2049","24.621185","24.621185","6.146025","22.462723","N/A"
"UKS  06/50","09/10/2026","GB00B0BDTG68","Strips","N/A","07/06/2050","23.869644","23.869644","6.149216","22.947461","N/A"
"UKS  12/50","09/10/2026","GB00B0BDTH75","Strips","N/A","07/12/2050","23.146091","23.146091","6.151344","23.432305","N/A"
"UKS  06/51","09/10/2026","GB00B0BDTJ99","Strips","N/A","07/06/2051","22.449605","22.449605","6.152430","23.917259","N/A"
"UKS  12/51","09/10/2026","GB00B0BDTK05","Strips","N/A","07/12/2051","21.779310","21.779310","6.152488","24.402330","N/A"
"UKS  06/52","09/10/2026","GB00B0BDTL12","Strips","N/A","07/06/2052","21.134367","21.134367","6.151528","24.887524","N/A"
"UKS  12/52","09/10/2026","GB00B0BDTM29","Strips","N/A","07/12/2052","20.513973","20.513973","6.149558","25.372847","N/A"
"UKS  06/53","09/10/2026","GB00B0BDTN36","Strips","N/A","07/06/2053","19.917352","19.917352","6.146582","25.858305","N/A"
"UKS  12/53","09/10/2026","GB00B0BDTP59","Strips","N/A","07/12/2053","19.343751","19.343751","6.142603","26.343905","N/A"
"UKS  06/54","09/10/2026","GB00B0BDTQ66","Strips","N/A","07/06/2054","18.792442","18.792442","6.137623","26.829654","N/A"
"UKS  12/54","09/10/2026","GB00B0BDTR73","Strips","N/A","07/12/2054","18.262710","18.262710","6.131644","27.315559","N/A"
"UKS  06/55","09/10/2026","GB00B0BDTS80","Strips","N/A","07/06/2055","17.753859","17.753859","6.124668","27.801627","N/A"
"UKS  12/55","09/10/2026","GB00B0BDTT97","Strips","N/A","07/12/2055","17.265207","17.265207","6.116699","28.287864","N/A"
"UKR  12/55","09/10/2026","GB00B0BDTV10","Strips","N/A","07/12/2055","17.265207","17.265207","6.116699","28.287864","N/A"
